{"test/ll": -1.2966382503509521, "test/ll_bayes": -2.0636472702026367, "test/acc": 0.814, "_timestamp": 1705856819.8830874, "_runtime": 5711.183660507202, "_step": 99, "_wandb": {"runtime": 5710}}