{"test/ll": -1.9899159669876099, "test/ll_bayes": -2.220449686050415, "test/acc": 0.6607, "_timestamp": 1707517752.5099576, "_runtime": 1850.1578395366669, "_step": 25, "_wandb": {"runtime": 1856}}