{"_wandb": {"runtime": 40}, "test/ll": -4.442773818969727, "test/ll_bayes": -2.1741676330566406, "test/acc": 0.4872, "_timestamp": 1705267905.2653751, "_runtime": 40.724037170410156, "_step": 20}