{"test/ll": -0.5244412422180176, "test/ll_bayes": -0.7202521562576294, "test/acc": 0.8343, "_timestamp": 1709849619.0482538, "_runtime": 1691.451736688614, "_step": 99, "_wandb": {"runtime": 1690}}