{"test/ll": -2.957943916320801, "test/ll_bayes": -2.1520256996154785, "test/acc": 0.6541, "_timestamp": 1704547177.894104, "_runtime": 68.45825600624084, "_step": 29, "_wandb": {"runtime": 67}}