{"test/ll": 0.6979496479034424, "test/acc": 0.8353999853134155, "_timestamp": 1703078247.6870477, "_runtime": 12544.227845668793, "_step": 99, "_wandb": {"runtime": 12543}}