{"test/ll": -0.9988045692443848, "test/ll_bayes": -2.031371831893921, "test/acc": 0.8404, "_timestamp": 1707927510.2929924, "_runtime": 10548.578352451324, "_step": 99, "_wandb": {"runtime": 10547}}