{"test/ll": 0.7071331739425659, "test/acc": 0.829200029373169, "_timestamp": 1703103297.577728, "_runtime": 12598.46067404747, "_step": 99, "_wandb": {"runtime": 12597}}