{"_wandb": {"runtime": 59}, "test/ll": -3.013575792312622, "test/ll_bayes": -2.199385404586792, "test/acc": 0.5226, "_timestamp": 1705777876.664681, "_runtime": 59.9826500415802, "_step": 20}