{"test/ll": -0.5778230428695679, "test/ll_bayes": -1.7315906286239624, "test/acc": 0.8508, "_timestamp": 1709605712.9507096, "_runtime": 3885.0470275878906, "_step": 99, "_wandb": {"runtime": 3884}}