{"test/ll": -1.3909024000167847, "test/ll_bayes": -2.0238966941833496, "test/acc": 0.7828, "_timestamp": 1705274347.0948422, "_runtime": 4115.115978240967, "_step": 99, "_wandb": {"runtime": 4114}}