{"test/ll": -2.1192097663879395, "test/ll_bayes": -2.165910005569458, "test/acc": 0.6526, "_timestamp": 1705252214.774329, "_runtime": 216.09550404548645, "_step": 23}