{"test/ll": -2.4832980632781982, "test/ll_bayes": -2.108604669570923, "test/acc": 0.6389, "_timestamp": 1705252502.277575, "_runtime": 503.5987501144409, "_step": 28, "_wandb": {"runtime": 530}}