{"_wandb": {"runtime": 37}, "test/ll": -4.442773818969727, "test/ll_bayes": -2.1741676330566406, "test/acc": 0.4872, "_timestamp": 1705268248.2549381, "_runtime": 38.553715229034424, "_step": 20}