{"test/ll": -1.202703833580017, "test/ll_bayes": -2.02007794380188, "test/acc": 0.8238, "_timestamp": 1707495582.3362887, "_runtime": 7834.9623827934265, "_step": 99, "_wandb": {"runtime": 7833}}