{"test/ll": -0.4565846621990204, "test/ll_bayes": -1.6553786993026733, "test/acc": 0.8678, "_timestamp": 1709629923.0074902, "_runtime": 10869.202421188354, "_step": 99, "_wandb": {"runtime": 10868}}