{"test/ll": -2.2954957485198975, "test/ll_bayes": -2.29384446144104, "test/acc": 0.1135, "_timestamp": 1700923088.562382, "_runtime": 157.6246280670166, "_step": 21, "_wandb": {"runtime": 156}, "bald": {"_type": "histogram", "values": [2, 0, 0, 47, 0, 0, 195, 0, 0, 0, 816, 0, 0, 1507, 0, 0, 2950, 0, 0, 0, 6772, 0, 0, 9654, 0, 0, 13120, 0, 0, 0, 9490, 0, 0, 5179, 0, 0, 0, 5927, 0, 0, 2475, 0, 0, 1232, 0, 0, 0, 307, 0, 0, 250, 0, 0, 46, 0, 0, 0, 8, 0, 0, 2, 0, 0, 1], "bins": [9.059906005859375e-06, 9.130686521530151e-06, 9.201467037200928e-06, 9.272247552871704e-06, 9.34302806854248e-06, 9.413808584213257e-06, 9.484589099884033e-06, 9.55536961555481e-06, 9.626150131225586e-06, 9.696930646896362e-06, 9.767711162567139e-06, 9.838491678237915e-06, 9.909272193908691e-06, 9.980052709579468e-06, 1.0050833225250244e-05, 1.012161374092102e-05, 1.0192394256591797e-05, 1.0263174772262573e-05, 1.033395528793335e-05, 1.0404735803604126e-05, 1.0475516319274902e-05, 1.0546296834945679e-05, 1.0617077350616455e-05, 1.0687857866287231e-05, 1.0758638381958008e-05, 1.0829418897628784e-05, 1.090019941329956e-05, 1.0970979928970337e-05, 1.1041760444641113e-05, 1.111254096031189e-05, 1.1183321475982666e-05, 1.1254101991653442e-05, 1.1324882507324219e-05, 1.1395663022994995e-05, 1.1466443538665771e-05, 1.1537224054336548e-05, 1.1608004570007324e-05, 1.16787850856781e-05, 1.1749565601348877e-05, 1.1820346117019653e-05, 1.189112663269043e-05, 1.1961907148361206e-05, 1.2032687664031982e-05, 1.2103468179702759e-05, 1.2174248695373535e-05, 1.2245029211044312e-05, 1.2315809726715088e-05, 1.2386590242385864e-05, 1.245737075805664e-05, 1.2528151273727417e-05, 1.2598931789398193e-05, 1.266971230506897e-05, 1.2740492820739746e-05, 1.2811273336410522e-05, 1.2882053852081299e-05, 1.2952834367752075e-05, 1.3023614883422852e-05, 1.3094395399093628e-05, 1.3165175914764404e-05, 1.323595643043518e-05, 1.3306736946105957e-05, 1.3377517461776733e-05, 1.344829797744751e-05, 1.3519078493118286e-05, 1.3589859008789062e-05]}}