{"test/ll": -2.2615623474121094, "test/ll_bayes": -2.2664270401000977, "test/acc": 0.1135, "_timestamp": 1700923565.0848973, "_runtime": 234.5630693435669, "_step": 22, "bald": {"_type": "histogram", "values": [2, 0, 0, 6, 0, 0, 0, 93, 0, 0, 0, 592, 0, 0, 0, 989, 0, 0, 3678, 0, 0, 0, 4070, 0, 0, 0, 10423, 0, 0, 0, 7665, 0, 0, 18713, 0, 0, 0, 8051, 0, 0, 0, 2303, 0, 0, 0, 2455, 0, 0, 496, 0, 0, 0, 359, 0, 0, 0, 79, 0, 0, 0, 3, 0, 0, 2], "bins": [9.775161743164062e-06, 9.838491678237915e-06, 9.901821613311768e-06, 9.96515154838562e-06, 1.0028481483459473e-05, 1.0091811418533325e-05, 1.0155141353607178e-05, 1.021847128868103e-05, 1.0281801223754883e-05, 1.0345131158828735e-05, 1.0408461093902588e-05, 1.047179102897644e-05, 1.0535120964050293e-05, 1.0598450899124146e-05, 1.0661780834197998e-05, 1.072511076927185e-05, 1.0788440704345703e-05, 1.0851770639419556e-05, 1.0915100574493408e-05, 1.097843050956726e-05, 1.1041760444641113e-05, 1.1105090379714966e-05, 1.1168420314788818e-05, 1.1231750249862671e-05, 1.1295080184936523e-05, 1.1358410120010376e-05, 1.1421740055084229e-05, 1.1485069990158081e-05, 1.1548399925231934e-05, 1.1611729860305786e-05, 1.1675059795379639e-05, 1.1738389730453491e-05, 1.1801719665527344e-05, 1.1865049600601196e-05, 1.1928379535675049e-05, 1.1991709470748901e-05, 1.2055039405822754e-05, 1.2118369340896606e-05, 1.2181699275970459e-05, 1.2245029211044312e-05, 1.2308359146118164e-05, 1.2371689081192017e-05, 1.2435019016265869e-05, 1.2498348951339722e-05, 1.2561678886413574e-05, 1.2625008821487427e-05, 1.268833875656128e-05, 1.2751668691635132e-05, 1.2814998626708984e-05, 1.2878328561782837e-05, 1.294165849685669e-05, 1.3004988431930542e-05, 1.3068318367004395e-05, 1.3131648302078247e-05, 1.31949782371521e-05, 1.3258308172225952e-05, 1.3321638107299805e-05, 1.3384968042373657e-05, 1.344829797744751e-05, 1.3511627912521362e-05, 1.3574957847595215e-05, 1.3638287782669067e-05, 1.370161771774292e-05, 1.3764947652816772e-05, 1.3828277587890625e-05]}, "_wandb": {"runtime": 234}}