{"test/ll": -1.3330960273742676, "test/ll_bayes": -1.9917274713516235, "test/acc": 0.8001, "_timestamp": 1705144744.3606966, "_runtime": 3632.583643436432, "_step": 99, "bald": {"_type": "histogram", "values": [1, 0, 2, 2, 1, 2, 2, 11, 17, 39, 34, 54, 64, 56, 65, 71, 66, 49, 81, 79, 110, 128, 177, 233, 260, 288, 342, 423, 469, 557, 599, 676, 750, 807, 947, 985, 1068, 1069, 1163, 1216, 1306, 1380, 1573, 1585, 1665, 1757, 1776, 1931, 1823, 1752, 1676, 1588, 1574, 1374, 1222, 941, 721, 537, 355, 219, 110, 46, 16, 12], "bins": [2.0774435997009277, 2.080595016479492, 2.0837461948394775, 2.086897611618042, 2.0900490283966064, 2.093200206756592, 2.0963516235351562, 2.0995030403137207, 2.102654218673706, 2.1058056354522705, 2.108957052230835, 2.1121082305908203, 2.1152596473693848, 2.118411064147949, 2.1215622425079346, 2.124713659286499, 2.1278650760650635, 2.131016254425049, 2.1341676712036133, 2.1373190879821777, 2.140470266342163, 2.1436216831207275, 2.146773099899292, 2.1499242782592773, 2.153075695037842, 2.1562271118164062, 2.1593782901763916, 2.162529706954956, 2.1656811237335205, 2.168832302093506, 2.1719837188720703, 2.1751351356506348, 2.178286552429199, 2.1814377307891846, 2.184589147567749, 2.1877405643463135, 2.190891742706299, 2.1940431594848633, 2.1971945762634277, 2.200345754623413, 2.2034971714019775, 2.206648588180542, 2.2097997665405273, 2.212951183319092, 2.2161026000976562, 2.2192537784576416, 2.222405195236206, 2.2255566120147705, 2.228707790374756, 2.2318592071533203, 2.2350106239318848, 2.23816180229187, 2.2413132190704346, 2.244464635848999, 2.2476158142089844, 2.250767230987549, 2.2539186477661133, 2.2570698261260986, 2.260221242904663, 2.2633726596832275, 2.266523838043213, 2.2696752548217773, 2.272826671600342, 2.275977849960327, 2.2791292667388916]}, "_wandb": {"runtime": 3632}}