{"test/ll": -4.53316593170166, "test/ll_bayes": -2.2643346786499023, "test/acc": 0.5005, "_timestamp": 1704546439.893147, "_runtime": 162.11361694335938, "_step": 29, "_wandb": {"runtime": 161}}