{"test/ll": 0.5233969688415527, "test/acc": 0.8578000068664551, "_timestamp": 1703256834.4577858, "_runtime": 54841.624418735504, "_step": 99, "bald": {"_type": "histogram", "values": [17194, 2100, 1786, 1351, 1035, 931, 791, 731, 638, 612, 566, 545, 554, 497, 490, 487, 471, 491, 490, 497, 531, 523, 574, 550, 499, 413, 382, 369, 311, 304, 282, 280, 250, 247, 211, 226, 195, 204, 181, 166, 140, 124, 115, 98, 80, 70, 53, 46, 44, 57, 32, 14, 16, 20, 12, 8, 5, 3, 5, 2, 2, 0, 0, 1], "bins": [3.3218139350310594e-10, 0.01970236748456955, 0.0394047349691391, 0.05910710245370865, 0.0788094699382782, 0.09851183742284775, 0.1182142049074173, 0.13791657984256744, 0.1576189398765564, 0.17732131481170654, 0.1970236748456955, 0.21672604978084564, 0.2364284098148346, 0.25613078474998474, 0.2758331596851349, 0.29553550481796265, 0.3152378797531128, 0.33494025468826294, 0.3546426296234131, 0.37434497475624084, 0.394047349691391, 0.41374972462654114, 0.4334520995616913, 0.45315444469451904, 0.4728568196296692, 0.49255919456481934, 0.5122615694999695, 0.5319639444351196, 0.5516663193702698, 0.5713686347007751, 0.5910710096359253, 0.6107733845710754, 0.6304757595062256, 0.6501781344413757, 0.6698805093765259, 0.689582884311676, 0.7092852592468262, 0.7289875745773315, 0.7486899495124817, 0.7683923244476318, 0.788094699382782, 0.8077970743179321, 0.8274994492530823, 0.8472018241882324, 0.8669041991233826, 0.8866065144538879, 0.9063088893890381, 0.9260112643241882, 0.9457136392593384, 0.9654160141944885, 0.9851183891296387, 1.004820704460144, 1.024523138999939, 1.0442254543304443, 1.0639278888702393, 1.0836302042007446, 1.1033326387405396, 1.123034954071045, 1.1427372694015503, 1.1624397039413452, 1.1821420192718506, 1.2018444538116455, 1.2215467691421509, 1.2412492036819458, 1.2609515190124512]}, "_wandb": {"runtime": 54840}}