{"test/ll": -1.1513570547103882, "test/ll_bayes": -2.059922695159912, "test/acc": 0.7891, "_timestamp": 1705156126.5189555, "_runtime": 3752.3018934726715, "_step": 99, "bald": {"_type": "histogram", "values": [1, 1, 1, 1, 5, 9, 6, 18, 15, 20, 27, 39, 37, 57, 70, 72, 96, 112, 127, 166, 176, 206, 236, 298, 327, 426, 457, 474, 567, 684, 659, 791, 851, 1018, 1077, 1167, 1304, 1385, 1566, 1617, 1636, 1749, 1901, 1854, 1880, 1875, 1829, 1698, 1662, 1496, 1339, 1138, 1054, 777, 625, 458, 314, 198, 117, 73, 38, 15, 7, 3], "bins": [2.1160266399383545, 2.118694543838501, 2.1213624477386475, 2.124030351638794, 2.1266984939575195, 2.129366397857666, 2.1320343017578125, 2.134702205657959, 2.1373701095581055, 2.140038013458252, 2.1427059173583984, 2.145373821258545, 2.1480417251586914, 2.150709867477417, 2.1533777713775635, 2.15604567527771, 2.1587135791778564, 2.161381483078003, 2.1640493869781494, 2.166717290878296, 2.1693854331970215, 2.172053337097168, 2.1747212409973145, 2.177389144897461, 2.1800570487976074, 2.182724952697754, 2.1853928565979004, 2.188060760498047, 2.1907286643981934, 2.193396806716919, 2.1960647106170654, 2.198732614517212, 2.2014005184173584, 2.204068422317505, 2.2067363262176514, 2.209404230117798, 2.2120723724365234, 2.21474027633667, 2.2174081802368164, 2.220076084136963, 2.2227439880371094, 2.225411891937256, 2.2280797958374023, 2.230747699737549, 2.2334156036376953, 2.236083745956421, 2.2387516498565674, 2.241419553756714, 2.2440874576568604, 2.246755361557007, 2.2494232654571533, 2.2520911693573, 2.2547593116760254, 2.257427215576172, 2.2600951194763184, 2.262763023376465, 2.2654309272766113, 2.268098831176758, 2.2707667350769043, 2.273434638977051, 2.2761025428771973, 2.278770685195923, 2.2814385890960693, 2.284106492996216, 2.2867743968963623]}, "_wandb": {"runtime": 3751}}