{"test/ll": -1.0921868085861206, "test/ll_bayes": -2.0449469089508057, "test/acc": 0.8179, "_timestamp": 1705287437.0016663, "_runtime": 4405.478374242783, "_step": 99, "_wandb": {"runtime": 4404}}