{"test/ll": -3.9938154220581055, "test/ll_bayes": -2.2527780532836914, "test/acc": 0.5875, "_timestamp": 1704546266.2941782, "_runtime": 162.40168023109436, "_step": 29, "_wandb": {"runtime": 161}}