{"test/ll": -2.6774544715881348, "test/ll_bayes": -2.1901068687438965, "test/acc": 0.6239, "_timestamp": 1707439960.3611624, "_runtime": 1048.8780353069305, "_step": 29}