{"test/ll": -0.5705915093421936, "test/ll_bayes": -0.8693658709526062, "test/acc": 0.8437, "_timestamp": 1709843382.7994614, "_runtime": 1406.4242403507233, "_step": 99, "_wandb": {"runtime": 1405}}