{"test/ll": -0.5241523385047913, "test/ll_bayes": -0.7656877636909485, "test/acc": 0.8326, "_timestamp": 1709853013.7661183, "_runtime": 1656.2577033042908, "_step": 99, "_wandb": {"runtime": 1655}}