{"test/ll": -3.335731267929077, "test/ll_bayes": -2.1391873359680176, "test/acc": 0.5973, "_timestamp": 1704547332.6569095, "_runtime": 66.01338148117065, "_step": 29, "_wandb": {"runtime": 65}}