{"test/ll": -1.134914755821228, "test/ll_bayes": -2.0298943519592285, "test/acc": 0.8263, "_timestamp": 1707479149.519517, "_runtime": 8107.413661003113, "_step": 99, "_wandb": {"runtime": 8106}}