{"test/ll": 0.6840540766716003, "test/acc": 0.8356000185012817, "_timestamp": 1702486554.1032517, "_runtime": 16500.517479658127, "_step": 99, "_wandb": {"runtime": 16499}}