{"_wandb": {"runtime": 45}, "test/ll": -4.442773818969727, "test/ll_bayes": -2.1741676330566406, "test/acc": 0.4872, "_timestamp": 1705267993.92055, "_runtime": 39.3846480846405, "_step": 20}