{"test/ll": -1.3962229490280151, "test/ll_bayes": -2.063117027282715, "test/acc": 0.7764, "_timestamp": 1705282996.6942022, "_runtime": 4391.100060224533, "_step": 99, "_wandb": {"runtime": 4390}}