{"test/ll": -1.5541549921035767, "test/ll_bayes": -2.053652763366699, "test/acc": 0.8027, "_timestamp": 1705152342.9789562, "_runtime": 3759.274923324585, "_step": 99, "bald": {"_type": "histogram", "values": [3, 0, 0, 3, 3, 5, 9, 8, 10, 16, 16, 28, 43, 46, 70, 103, 105, 139, 170, 207, 251, 313, 369, 419, 464, 551, 674, 801, 851, 974, 1046, 1147, 1272, 1310, 1412, 1407, 1477, 1601, 1463, 1535, 1549, 1529, 1600, 1495, 1542, 1553, 1499, 1262, 1200, 1002, 882, 793, 699, 609, 528, 434, 388, 339, 249, 191, 107, 92, 23, 16], "bins": [2.0552728176116943, 2.0586652755737305, 2.0620579719543457, 2.065450429916382, 2.068842887878418, 2.072235345840454, 2.0756278038024902, 2.0790205001831055, 2.0824129581451416, 2.0858054161071777, 2.089198112487793, 2.092590570449829, 2.0959830284118652, 2.0993754863739014, 2.1027679443359375, 2.1061606407165527, 2.109553098678589, 2.112945556640625, 2.1163382530212402, 2.1197307109832764, 2.1231231689453125, 2.1265156269073486, 2.1299080848693848, 2.13330078125, 2.136693239212036, 2.1400856971740723, 2.1434783935546875, 2.1468708515167236, 2.1502633094787598, 2.153655767440796, 2.157048225402832, 2.1604409217834473, 2.1638333797454834, 2.1672258377075195, 2.1706185340881348, 2.174010992050171, 2.177403450012207, 2.180795907974243, 2.1841883659362793, 2.1875810623168945, 2.1909735202789307, 2.194365978240967, 2.197758674621582, 2.201151132583618, 2.2045435905456543, 2.2079360485076904, 2.2113285064697266, 2.214721202850342, 2.218113660812378, 2.221506118774414, 2.2248988151550293, 2.2282912731170654, 2.2316837310791016, 2.2350761890411377, 2.238468647003174, 2.241861343383789, 2.245253801345825, 2.2486462593078613, 2.2520389556884766, 2.2554314136505127, 2.258823871612549, 2.262216329574585, 2.265608787536621, 2.2690014839172363, 2.2723939418792725]}, "_wandb": {"runtime": 3758}}