{"test/ll": -1.041397213935852, "test/ll_bayes": -2.0620429515838623, "test/acc": 0.8335, "_timestamp": 1705291762.6582468, "_runtime": 4291.339814662933, "_step": 99, "_wandb": {"runtime": 4290}}