{"test/ll": 0.6987597942352295, "test/acc": 0.8327000141143799, "_timestamp": 1702537649.530399, "_runtime": 17746.404577970505, "_step": 99, "_wandb": {"runtime": 17745}}