{"_wandb": {"runtime": 42}, "test/ll": -4.442773818969727, "test/ll_bayes": -2.1741676330566406, "test/acc": 0.4872, "_timestamp": 1705269110.395145, "_runtime": 43.512730836868286, "_step": 20}