{"test/ll": -1.448784351348877, "test/ll_bayes": -2.0499532222747803, "test/acc": 0.77, "_timestamp": 1705834041.1797636, "_runtime": 5705.905775547028, "_step": 99, "_wandb": {"runtime": 5705}}