{"test/ll": -2.192160129547119, "test/ll_bayes": -2.254971504211426, "test/acc": 0.2457, "_timestamp": 1700924723.5905364, "_runtime": 467.8919343948364, "_step": 25, "bald": {"_type": "histogram", "values": [31, 78, 213, 421, 700, 959, 1252, 1528, 1797, 1901, 2125, 2260, 2311, 2588, 2511, 2403, 2472, 2477, 2320, 2254, 2157, 2002, 1848, 1825, 1692, 1519, 1446, 1292, 1169, 1134, 1001, 985, 849, 794, 644, 655, 604, 561, 520, 492, 466, 431, 359, 385, 350, 328, 287, 248, 223, 195, 186, 151, 142, 106, 93, 75, 51, 43, 28, 16, 12, 5, 2, 4], "bins": [0.014958381652832031, 0.02508915401995182, 0.03521992638707161, 0.04535070061683655, 0.05548147112131119, 0.06561224162578583, 0.07574301958084106, 0.0858737900853157, 0.09600456058979034, 0.10613533109426498, 0.11626610159873962, 0.12639687955379486, 0.1365276575088501, 0.14665842056274414, 0.15678919851779938, 0.16691996157169342, 0.17705073952674866, 0.1871815174818039, 0.19731228053569794, 0.20744305849075317, 0.21757382154464722, 0.22770459949970245, 0.2378353774547577, 0.24796614050865173, 0.25809693336486816, 0.2682276964187622, 0.27835845947265625, 0.2884892225265503, 0.2986200153827667, 0.30875077843666077, 0.3188815414905548, 0.32901233434677124, 0.3391430974006653, 0.3492738604545593, 0.35940465331077576, 0.3695354163646698, 0.37966617941856384, 0.3897969722747803, 0.3999277353286743, 0.41005849838256836, 0.4201892614364624, 0.43032005429267883, 0.4404508173465729, 0.4505815804004669, 0.46071237325668335, 0.4708431363105774, 0.48097389936447144, 0.49110469222068787, 0.5012354850769043, 0.5113662481307983, 0.5214970111846924, 0.5316277742385864, 0.5417585372924805, 0.5518893003463745, 0.5620200634002686, 0.5721508860588074, 0.5822816491127014, 0.5924124121665955, 0.6025431752204895, 0.6126739382743835, 0.6228047013282776, 0.6329355239868164, 0.6430662870407104, 0.6531970500946045, 0.6633278131484985]}, "_wandb": {"runtime": 480}}