{"test/ll": -2.635895013809204, "test/ll_bayes": -2.135228395462036, "test/acc": 0.6423, "_timestamp": 1705140207.9219182, "_runtime": 170.5892791748047, "_step": 23, "bald": {"_type": "histogram", "values": [1, 0, 4, 3, 4, 3, 9, 13, 19, 30, 42, 52, 54, 68, 103, 121, 112, 107, 123, 152, 155, 177, 204, 212, 283, 344, 376, 398, 456, 556, 609, 713, 823, 948, 1028, 1204, 1287, 1420, 1618, 1568, 1734, 1775, 1910, 1928, 2004, 1941, 2025, 1930, 1815, 1639, 1431, 1269, 1000, 771, 563, 366, 220, 135, 66, 29, 12, 13, 2, 1], "bins": [2.117166519165039, 2.1199350357055664, 2.1227033138275146, 2.125471830368042, 2.1282403469085693, 2.1310086250305176, 2.133777141571045, 2.1365456581115723, 2.1393139362335205, 2.142082452774048, 2.144850969314575, 2.1476192474365234, 2.150387763977051, 2.153156280517578, 2.1559245586395264, 2.1586930751800537, 2.161461353302002, 2.1642298698425293, 2.1669983863830566, 2.169766664505005, 2.1725351810455322, 2.1753036975860596, 2.178071975708008, 2.180840492248535, 2.1836090087890625, 2.1863772869110107, 2.189145803451538, 2.1919143199920654, 2.1946825981140137, 2.197451114654541, 2.2002196311950684, 2.2029879093170166, 2.205756425857544, 2.2085249423980713, 2.2112932205200195, 2.214061737060547, 2.216830253601074, 2.2195985317230225, 2.22236704826355, 2.225135564804077, 2.2279038429260254, 2.2306723594665527, 2.23344087600708, 2.2362091541290283, 2.2389776706695557, 2.241746187210083, 2.2445144653320312, 2.2472829818725586, 2.250051498413086, 2.252819776535034, 2.2555882930755615, 2.2583565711975098, 2.261125087738037, 2.2638936042785645, 2.2666618824005127, 2.26943039894104, 2.2721989154815674, 2.2749671936035156, 2.277735710144043, 2.2805042266845703, 2.2832725048065186, 2.286041021347046, 2.2888095378875732, 2.2915778160095215, 2.294346332550049]}, "_wandb": {"runtime": 205}}