{"test/ll": -0.4662184417247772, "test/ll_bayes": -0.7271999716758728, "test/acc": 0.8518, "_timestamp": 1709854719.0498757, "_runtime": 1671.2675817012787, "_step": 99, "_wandb": {"runtime": 1670}}