{"test/ll": -2.064471960067749, "test/ll_bayes": -2.0344948768615723, "test/acc": 0.7234, "_timestamp": 1705845385.6514225, "_runtime": 5637.11305642128, "_step": 99, "_wandb": {"runtime": 5636}}