{"test/ll": 0.4728884696960449, "test/acc": 0.8702999949455261, "_timestamp": 1702467161.0792007, "_runtime": 35460.376109838486, "_step": 99, "bald": {"_type": "histogram", "values": [17272, 2306, 1855, 1480, 1098, 914, 764, 679, 613, 554, 543, 519, 490, 502, 472, 485, 416, 444, 412, 430, 456, 462, 503, 479, 483, 448, 464, 388, 326, 299, 285, 271, 237, 217, 223, 214, 191, 182, 148, 179, 145, 133, 104, 120, 104, 102, 81, 75, 55, 52, 54, 34, 29, 26, 21, 18, 12, 9, 7, 6, 6, 4, 0, 2], "bins": [3.9260257267415e-09, 0.018762053921818733, 0.03752410411834717, 0.05628615617752075, 0.07504820078611374, 0.09381025284528732, 0.11257230490446091, 0.1313343495130539, 0.15009640157222748, 0.16885845363140106, 0.18762050569057465, 0.20638255774974823, 0.22514460980892181, 0.2439066618680954, 0.2626686990261078, 0.28143075108528137, 0.30019280314445496, 0.31895485520362854, 0.3377169072628021, 0.3564789593219757, 0.3752410113811493, 0.3940030634403229, 0.41276511549949646, 0.43152716755867004, 0.45028921961784363, 0.4690512716770172, 0.4878132939338684, 0.506575345993042, 0.5253373980522156, 0.5440994501113892, 0.5628615021705627, 0.5816235542297363, 0.6003856062889099, 0.6191476583480835, 0.6379097104072571, 0.6566717624664307, 0.6754338145256042, 0.6941958665847778, 0.7129579186439514, 0.731719970703125, 0.7504820227622986, 0.7692440748214722, 0.7880061268806458, 0.8067681789398193, 0.8255302309989929, 0.8442922830581665, 0.8630543351173401, 0.8818163871765137, 0.9005784392356873, 0.9193404316902161, 0.9381024837493896, 0.9568645358085632, 0.9756265878677368, 0.9943886399269104, 1.013150691986084, 1.0319128036499023, 1.0506747961044312, 1.0694369077682495, 1.0881989002227783, 1.1069610118865967, 1.1257230043411255, 1.1444851160049438, 1.1632471084594727, 1.182009220123291, 1.2007712125778198]}, "_wandb": {"runtime": 35459}}