{"test/ll": -2.490389347076416, "test/ll_bayes": -2.2393276691436768, "test/acc": 0.6663, "_timestamp": 1707461191.0650368, "_runtime": 1253.3238377571106, "_step": 30, "_wandb": {"runtime": 1313}}