{"test/ll": -0.61496901512146, "test/ll_bayes": -0.8094359636306763, "test/acc": 0.8206, "_timestamp": 1709846250.7863576, "_runtime": 1385.143090724945, "_step": 99, "_wandb": {"runtime": 1384}}