{"test/ll": 1.0309252738952637, "test/acc": 0.7727000117301941, "_timestamp": 1702503192.032064, "_runtime": 16604.553968906403, "_step": 99, "_wandb": {"runtime": 16603}}