{"test/ll": -0.6265687942504883, "test/ll_bayes": -0.905606210231781, "test/acc": 0.8226, "_timestamp": 1709844832.6519575, "_runtime": 1416.4106674194336, "_step": 99, "_wandb": {"runtime": 1415}}