{"test/ll": 0.9335085153579712, "test/acc": 0.8227999806404114, "_timestamp": 1702363236.5119894, "_runtime": 36066.73277235031, "_step": 99, "bald": {"_type": "histogram", "values": [16494, 2125, 1784, 1237, 1047, 897, 855, 672, 672, 631, 556, 563, 506, 497, 519, 502, 487, 496, 564, 537, 551, 556, 524, 515, 491, 488, 451, 436, 386, 337, 334, 312, 295, 271, 268, 217, 239, 239, 223, 185, 156, 140, 100, 122, 78, 72, 60, 58, 42, 36, 25, 19, 7, 6, 6, 6, 2, 2, 3, 2, 0, 0, 0, 1], "bins": [4.5501535872460863e-10, 0.02102753333747387, 0.04205506667494774, 0.06308259814977646, 0.08411013334989548, 0.1051376685500145, 0.12616519629955292, 0.14719273149967194, 0.16822026669979095, 0.18924780189990997, 0.210275337100029, 0.231302872300148, 0.25233039259910583, 0.27335792779922485, 0.29438546299934387, 0.3154129981994629, 0.3364405333995819, 0.3574680685997009, 0.37849560379981995, 0.39952313899993896, 0.420550674200058, 0.441578209400177, 0.462605744600296, 0.48363327980041504, 0.5046607851982117, 0.5256883502006531, 0.5467158555984497, 0.5677434206008911, 0.5887709259986877, 0.6097984910011292, 0.6308259963989258, 0.6518535614013672, 0.6728810667991638, 0.6939085721969604, 0.7149361371994019, 0.7359636425971985, 0.7569912075996399, 0.7780187129974365, 0.7990462779998779, 0.8200737833976746, 0.841101348400116, 0.8621288537979126, 0.883156418800354, 0.9041839241981506, 0.925211489200592, 0.9462389945983887, 0.9672665596008301, 0.9882940649986267, 1.0093215703964233, 1.0303491353988647, 1.0513767004013062, 1.072404146194458, 1.0934317111968994, 1.1144592761993408, 1.1354868412017822, 1.156514286994934, 1.1775418519973755, 1.198569416999817, 1.2195969820022583, 1.2406244277954102, 1.2616519927978516, 1.282679557800293, 1.3037071228027344, 1.3247345685958862, 1.3457621335983276]}, "_wandb": {"runtime": 36065}}