{"test/ll": -1.1133487224578857, "test/ll_bayes": -1.2731671333312988, "test/acc": 0.66, "_timestamp": 1700943850.2103813, "_runtime": 6383.7546973228455, "_step": 99, "bald": {"_type": "histogram", "values": [1, 4, 8, 9, 14, 34, 44, 71, 94, 136, 190, 256, 329, 426, 554, 635, 783, 995, 1099, 1273, 1473, 1770, 1947, 2230, 2372, 2624, 2683, 2879, 3039, 3011, 2926, 2881, 2712, 2625, 2531, 2162, 2035, 1852, 1579, 1355, 1158, 999, 885, 657, 603, 498, 374, 271, 213, 189, 118, 100, 52, 51, 41, 12, 12, 14, 4, 4, 5, 0, 0, 1], "bins": [0.1289360523223877, 0.1417301595211029, 0.1545242816209793, 0.1673184037208557, 0.18011251091957092, 0.19290661811828613, 0.20570074021816254, 0.21849486231803894, 0.23128896951675415, 0.24408307671546936, 0.25687718391418457, 0.26967132091522217, 0.2824654281139374, 0.2952595353126526, 0.3080536723136902, 0.3208477795124054, 0.3336418867111206, 0.3464359939098358, 0.359230101108551, 0.3720242381095886, 0.38481834530830383, 0.39761245250701904, 0.41040658950805664, 0.42320069670677185, 0.43599480390548706, 0.44878891110420227, 0.4615830183029175, 0.4743771553039551, 0.4871712625026703, 0.4999653697013855, 0.5127595067024231, 0.5255535840988159, 0.5383477210998535, 0.5511418581008911, 0.5639359354972839, 0.5767300724983215, 0.5895241498947144, 0.602318286895752, 0.6151124238967896, 0.6279065012931824, 0.64070063829422, 0.6534947752952576, 0.6662888526916504, 0.679082989692688, 0.6918771266937256, 0.7046712040901184, 0.717465341091156, 0.7302594184875488, 0.7430535554885864, 0.755847692489624, 0.7686417698860168, 0.7814359068870544, 0.7942299842834473, 0.8070241212844849, 0.8198182582855225, 0.8326123356819153, 0.8454064726829529, 0.8582006096839905, 0.8709946870803833, 0.8837888240814209, 0.8965829610824585, 0.9093770384788513, 0.9221711754798889, 0.9349652528762817, 0.9477593898773193]}, "_wandb": {"runtime": 6383}}