{"test/ll": 0.5781301856040955, "test/acc": 0.8266000151634216, "_timestamp": 1703201932.3634357, "_runtime": 47705.456917762756, "_step": 99, "bald": {"_type": "histogram", "values": [16795, 2089, 1693, 1161, 984, 828, 665, 657, 610, 539, 517, 465, 510, 498, 472, 446, 468, 476, 448, 481, 481, 485, 519, 461, 492, 486, 437, 440, 419, 448, 383, 373, 334, 319, 337, 292, 313, 286, 254, 219, 179, 193, 147, 163, 104, 126, 83, 82, 71, 37, 37, 25, 28, 11, 15, 3, 8, 2, 1, 2, 3, 0, 0, 2], "bins": [3.1697464097923955e-11, 0.019487714394927025, 0.03897542878985405, 0.058463145047426224, 0.0779508575797081, 0.09743857383728027, 0.11692629009485245, 0.13641400635242462, 0.1559017151594162, 0.17538942396640778, 0.19487714767456055, 0.21436485648155212, 0.2338525801897049, 0.2533402740955353, 0.27282801270484924, 0.2923157215118408, 0.3118034303188324, 0.331291139125824, 0.35077884793281555, 0.3702665865421295, 0.3897542953491211, 0.40924200415611267, 0.42872971296310425, 0.4482174217700958, 0.4677051603794098, 0.48719286918640137, 0.5066805481910706, 0.5261682868003845, 0.5456560254096985, 0.5651437044143677, 0.5846314430236816, 0.6041191220283508, 0.6236068606376648, 0.6430945992469788, 0.662582278251648, 0.6820700168609619, 0.7015576958656311, 0.7210454344749451, 0.740533173084259, 0.7600208520889282, 0.7795085906982422, 0.7989962697029114, 0.8184840083122253, 0.8379717469215393, 0.8574594259262085, 0.8769471645355225, 0.8964348435401917, 0.9159225821495056, 0.9354103207588196, 0.9548979997634888, 0.9743857383728027, 0.9938734173774719, 1.0133610963821411, 1.032848834991455, 1.052336573600769, 1.071824312210083, 1.091312050819397, 1.1107996702194214, 1.1302874088287354, 1.1497751474380493, 1.1692628860473633, 1.1887506246566772, 1.2082382440567017, 1.2277259826660156, 1.2472137212753296]}, "_wandb": {"runtime": 47704}}