{"test/ll": -0.5354148745536804, "test/ll_bayes": -0.7796390056610107, "test/acc": 0.843, "_timestamp": 1709856399.071286, "_runtime": 1648.3952140808105, "_step": 99, "_wandb": {"runtime": 1647}}