{"test/ll": -3.3046908378601074, "test/ll_bayes": -2.144929885864258, "test/acc": 0.6029, "_timestamp": 1704547256.615158, "_runtime": 68.65367007255554, "_step": 29, "_wandb": {"runtime": 68}}