{"test/ll": 1.2835854291915894, "test/acc": 0.699999988079071, "_timestamp": 1703344245.002851, "_runtime": 5430.102356910706, "_step": 28, "bald": {"_type": "histogram", "values": [9651, 1731, 1227, 1104, 995, 831, 803, 756, 709, 643, 622, 674, 622, 585, 597, 607, 639, 633, 606, 701, 725, 772, 792, 813, 837, 779, 832, 680, 659, 668, 663, 613, 527, 516, 531, 454, 466, 434, 405, 334, 363, 289, 302, 259, 227, 242, 175, 150, 158, 120, 88, 80, 59, 54, 48, 29, 39, 16, 15, 5, 7, 7, 2, 3], "bins": [1.0732776445365744e-06, 0.019907383248209953, 0.03981369361281395, 0.059720005840063095, 0.07962631434202194, 0.09953262656927109, 0.11943893879652023, 0.13934524357318878, 0.15925155580043793, 0.17915786802768707, 0.19906418025493622, 0.21897049248218536, 0.2388768047094345, 0.25878310203552246, 0.2786894142627716, 0.29859572649002075, 0.3185020387172699, 0.33840835094451904, 0.3583146631717682, 0.37822097539901733, 0.3981272876262665, 0.4180335998535156, 0.43793991208076477, 0.4578462243080139, 0.47775253653526306, 0.4976588189601898, 0.517565131187439, 0.5374714732170105, 0.5573777556419373, 0.5772840976715088, 0.5971903800964355, 0.6170967221260071, 0.6370030045509338, 0.6569092869758606, 0.6768156290054321, 0.6967219114303589, 0.7166282534599304, 0.7365345358848572, 0.7564408779144287, 0.7763471603393555, 0.796253502368927, 0.8161597847938538, 0.8360661268234253, 0.855972409248352, 0.8758787512779236, 0.8957850337028503, 0.9156913757324219, 0.9355976581573486, 0.9555040001869202, 0.9754102826118469, 0.9953165650367737, 1.0152229070663452, 1.035129189491272, 1.0550354719161987, 1.074941873550415, 1.0948481559753418, 1.1147544384002686, 1.1346607208251953, 1.1545671224594116, 1.1744734048843384, 1.1943796873092651, 1.214285969734192, 1.2341923713684082, 1.254098653793335, 1.2740049362182617]}}