{"test/ll": 0.5344790816307068, "test/acc": 0.8497999906539917, "_timestamp": 1703386042.1668766, "_runtime": 47227.266382455826, "_step": 99, "bald": {"_type": "histogram", "values": [16656, 2257, 1823, 1368, 1094, 949, 832, 751, 663, 574, 635, 562, 515, 503, 501, 467, 464, 433, 490, 514, 545, 561, 554, 508, 533, 467, 424, 390, 321, 292, 301, 254, 265, 277, 228, 195, 190, 195, 184, 161, 170, 134, 111, 87, 90, 77, 63, 56, 52, 38, 22, 22, 22, 18, 7, 13, 7, 3, 6, 2, 3, 2, 0, 1], "bins": [2.439470847548364e-09, 0.01914210245013237, 0.03828420490026474, 0.05742630362510681, 0.07656840234994888, 0.09571050852537155, 0.11485260725021362, 0.1339947134256363, 0.15313680469989777, 0.17227891087532043, 0.1914210021495819, 0.21056310832500458, 0.22970521450042725, 0.24884730577468872, 0.2679893970489502, 0.28713151812553406, 0.30627360939979553, 0.325415700674057, 0.34455782175064087, 0.36369991302490234, 0.3828420042991638, 0.4019841253757477, 0.42112621665000916, 0.44026830792427063, 0.4594104290008545, 0.47855252027511597, 0.49769461154937744, 0.5168367028236389, 0.5359787940979004, 0.5551209449768066, 0.5742630362510681, 0.5934051275253296, 0.6125472187995911, 0.6316893100738525, 0.650831401348114, 0.6699734926223755, 0.6891156435012817, 0.7082577347755432, 0.7273998260498047, 0.7465419173240662, 0.7656840085983276, 0.7848260998725891, 0.8039682507514954, 0.8231103420257568, 0.8422524333000183, 0.8613945245742798, 0.8805366158485413, 0.8996787071228027, 0.918820858001709, 0.9379629492759705, 0.9571050405502319, 0.9762471318244934, 0.9953892230987549, 1.0145313739776611, 1.0336734056472778, 1.052815556526184, 1.0719575881958008, 1.091099739074707, 1.1102418899536133, 1.12938392162323, 1.1485260725021362, 1.167668104171753, 1.1868102550506592, 1.2059522867202759, 1.2250944375991821]}, "_wandb": {"runtime": 47226}}