{"_wandb": {"runtime": 44}, "test/ll": -2.457982063293457, "test/ll_bayes": -2.148085117340088, "test/acc": 0.6117, "_timestamp": 1705250873.3514018, "_runtime": 44.93273377418518, "_step": 20}