{"test/ll": -2.9706902503967285, "test/ll_bayes": -2.2623965740203857, "test/acc": 0.5642, "_timestamp": 1707518303.9696999, "_runtime": 505.72403383255005, "_step": 21, "_wandb": {"runtime": 541}}