{"test/ll": -0.5997300148010254, "test/ll_bayes": -0.9760277271270752, "test/acc": 0.8453, "_timestamp": 1709847705.1812963, "_runtime": 1420.4021832942963, "_step": 99, "_wandb": {"runtime": 1419}}