{"test/ll": 0.43892934918403625, "test/acc": 0.881600022315979, "_timestamp": 1702431641.63516, "_runtime": 33567.56449198723, "_step": 99, "bald": {"_type": "histogram", "values": [16362, 2621, 2012, 1455, 1197, 1063, 842, 746, 676, 611, 620, 593, 511, 479, 499, 489, 485, 464, 433, 464, 465, 473, 485, 446, 452, 433, 409, 364, 351, 315, 302, 279, 225, 250, 228, 189, 207, 208, 157, 147, 138, 121, 119, 94, 66, 68, 53, 51, 40, 26, 38, 21, 9, 17, 5, 10, 7, 7, 2, 1, 0, 1, 0, 1], "bins": [2.6826030286031255e-10, 0.02017127349972725, 0.0403425469994545, 0.06051382049918175, 0.080685093998909, 0.10085637122392654, 0.1210276409983635, 0.14119891822338104, 0.161370187997818, 0.18154145777225494, 0.2017127424478531, 0.22188401222229004, 0.242055281996727, 0.26222655177116394, 0.2823978364467621, 0.30256909132003784, 0.322740375995636, 0.34291166067123413, 0.3630829155445099, 0.38325420022010803, 0.4034254848957062, 0.42359673976898193, 0.4437680244445801, 0.46393927931785583, 0.484110563993454, 0.5042818188667297, 0.5244531035423279, 0.544624388217926, 0.5647956728935242, 0.5849669575691223, 0.6051381826400757, 0.6253094673156738, 0.645480751991272, 0.6656520366668701, 0.6858233213424683, 0.7059945464134216, 0.7261658310890198, 0.7463371157646179, 0.7665084004402161, 0.7866796851158142, 0.8068509697914124, 0.8270221948623657, 0.8471934795379639, 0.867364764213562, 0.8875360488891602, 0.9077073335647583, 0.9278785586357117, 0.9480498433113098, 0.968221127986908, 0.9883924126625061, 1.0085636377334595, 1.0287349224090576, 1.0489062070846558, 1.069077491760254, 1.089248776435852, 1.1094200611114502, 1.1295913457870483, 1.1497626304626465, 1.1699339151382446, 1.1901050806045532, 1.2102763652801514, 1.2304476499557495, 1.2506189346313477, 1.2707902193069458, 1.290961503982544]}, "_wandb": {"runtime": 33566}}