{"test/ll": -0.6681720614433289, "test/ll_bayes": -1.7670326232910156, "test/acc": 0.824, "_timestamp": 1709597889.673009, "_runtime": 3872.893280029297, "_step": 99, "_wandb": {"runtime": 3872}}