{"test/ll": -2.8024954795837402, "test/ll_bayes": -2.148665428161621, "test/acc": 0.6124, "_timestamp": 1704547098.8320885, "_runtime": 67.89599752426147, "_step": 29, "_wandb": {"runtime": 67}}