{"_wandb": {"runtime": 103}, "test/ll": -2.457982063293457, "test/ll_bayes": -2.148085117340088, "test/acc": 0.6117, "_timestamp": 1705251594.6234639, "_runtime": 45.246880769729614, "_step": 20}