{"test/ll": -4.330370903015137, "test/ll_bayes": -2.2567806243896484, "test/acc": 0.4486, "_timestamp": 1705778088.5709934, "_runtime": 124.10024452209473, "_step": 21, "_wandb": {"runtime": 134}}