{"test/ll": -0.4659595191478729, "test/ll_bayes": -1.6990392208099365, "test/acc": 0.8566, "_timestamp": 1709662653.9198446, "_runtime": 10851.609046697617, "_step": 99, "_wandb": {"runtime": 10850}}