{"test/ll": -1.8459099531173706, "test/ll_bayes": -2.0348281860351562, "test/acc": 0.7964, "_timestamp": 1705159758.0179129, "_runtime": 3598.6943547725677, "_step": 99, "bald": {"_type": "histogram", "values": [1, 1, 2, 8, 12, 9, 23, 18, 29, 39, 49, 49, 61, 65, 75, 80, 72, 95, 95, 77, 123, 99, 109, 146, 158, 209, 251, 321, 354, 419, 460, 578, 640, 709, 874, 967, 1113, 1271, 1366, 1531, 1731, 1846, 1972, 1974, 1960, 2105, 2058, 1988, 1856, 1787, 1699, 1416, 1329, 1078, 791, 656, 464, 303, 172, 100, 36, 16, 5, 2], "bins": [2.0463645458221436, 2.0500941276550293, 2.053823709487915, 2.057553291320801, 2.0612828731536865, 2.0650124549865723, 2.068742036819458, 2.0724713802337646, 2.0762009620666504, 2.079930543899536, 2.083660125732422, 2.0873897075653076, 2.0911192893981934, 2.094848871231079, 2.098578453063965, 2.1023080348968506, 2.1060376167297363, 2.109767198562622, 2.113496780395508, 2.1172263622283936, 2.1209557056427, 2.124685287475586, 2.1284148693084717, 2.1321444511413574, 2.135874032974243, 2.139603614807129, 2.1433331966400146, 2.1470627784729004, 2.150792360305786, 2.154521942138672, 2.1582515239715576, 2.1619811058044434, 2.16571044921875, 2.1694400310516357, 2.1731696128845215, 2.1768991947174072, 2.180628776550293, 2.1843583583831787, 2.1880879402160645, 2.19181752204895, 2.195547103881836, 2.1992766857147217, 2.2030062675476074, 2.206735849380493, 2.210465431213379, 2.2141947746276855, 2.2179243564605713, 2.221653938293457, 2.2253835201263428, 2.2291131019592285, 2.2328426837921143, 2.236572265625, 2.2403018474578857, 2.2440314292907715, 2.2477610111236572, 2.251490592956543, 2.2552201747894287, 2.2589497566223145, 2.262679100036621, 2.266408681869507, 2.2701382637023926, 2.2738678455352783, 2.277597427368164, 2.28132700920105, 2.2850565910339355]}, "_wandb": {"runtime": 3597}}