{"test/ll": 0.5369856953620911, "test/acc": 0.8452000021934509, "_timestamp": 1702398034.6045256, "_runtime": 34760.72255945206, "_step": 99, "bald": {"_type": "histogram", "values": [17377, 2374, 1722, 1248, 1085, 888, 803, 757, 665, 638, 581, 555, 526, 504, 459, 484, 496, 528, 500, 553, 538, 535, 574, 484, 435, 389, 394, 383, 311, 295, 271, 279, 251, 216, 210, 213, 146, 181, 155, 143, 137, 107, 84, 76, 61, 64, 38, 41, 34, 19, 21, 26, 15, 12, 5, 7, 5, 1, 2, 0, 0, 0, 0, 1], "bins": [8.704403300571761e-14, 0.02059175632894039, 0.04118351265788078, 0.061775270849466324, 0.08236702531576157, 0.1029587835073471, 0.12355054169893265, 0.1441422998905182, 0.16473405063152313, 0.18532580137252808, 0.2059175670146942, 0.22650931775569916, 0.2471010833978653, 0.26769283413887024, 0.2882845997810364, 0.3088763356208801, 0.32946810126304626, 0.3500598669052124, 0.37065160274505615, 0.3912433683872223, 0.4118351340293884, 0.4324268698692322, 0.4530186355113983, 0.47361040115356445, 0.4942021667957306, 0.5147939324378967, 0.5353856682777405, 0.5559774041175842, 0.5765691995620728, 0.5971609354019165, 0.6177526712417603, 0.6383444666862488, 0.6589362025260925, 0.6795279383659363, 0.7001197338104248, 0.7207114696502686, 0.7413032054901123, 0.7618950009346008, 0.7824867367744446, 0.8030784726142883, 0.8236702680587769, 0.8442620038986206, 0.8648537397384644, 0.8854455351829529, 0.9060372710227966, 0.9266290068626404, 0.9472208023071289, 0.9678125381469727, 0.9884043335914612, 1.0089960098266602, 1.0295878648757935, 1.0501796007156372, 1.070771336555481, 1.0913630723953247, 1.1119548082351685, 1.1325465440750122, 1.1531383991241455, 1.1737301349639893, 1.194321870803833, 1.2149136066436768, 1.2355053424835205, 1.2560970783233643, 1.2766889333724976, 1.2972806692123413, 1.317872405052185]}, "_wandb": {"runtime": 34759}}