{"_wandb": {"runtime": 159}, "test/ll": -2.266453981399536, "test/ll_bayes": -2.260568141937256, "test/acc": 0.2457, "_timestamp": 1700924193.9014297, "_runtime": 71.00740170478821, "_step": 20}