{"test/ll": -1.3410876989364624, "test/ll_bayes": -2.0472304821014404, "test/acc": 0.7949, "_timestamp": 1705851074.7920854, "_runtime": 5654.410475492477, "_step": 99, "_wandb": {"runtime": 5653}}