{"_wandb": {"runtime": 291}, "test/ll": 1.564095139503479, "test/acc": 0.5835000276565552, "_timestamp": 1702216518.1470416, "_runtime": 273.0050165653229, "_step": 20}