{"test/ll": -1.1412019729614258, "test/ll_bayes": -1.3120828866958618, "test/acc": 0.6618, "_timestamp": 1700937433.3948433, "_runtime": 6385.7899334430695, "_step": 99, "bald": {"_type": "histogram", "values": [2, 2, 3, 4, 18, 35, 48, 66, 87, 135, 211, 211, 312, 419, 482, 641, 756, 913, 1062, 1279, 1459, 1687, 1932, 2030, 2311, 2532, 2593, 2738, 2860, 2977, 2797, 2827, 2703, 2608, 2513, 2331, 2172, 1899, 1680, 1529, 1281, 1074, 992, 833, 662, 563, 375, 339, 259, 186, 146, 111, 72, 54, 29, 25, 20, 7, 4, 2, 2, 1, 0, 1], "bins": [0.1295604705810547, 0.1416247934103012, 0.15368913114070892, 0.16575345396995544, 0.17781779170036316, 0.18988211452960968, 0.2019464373588562, 0.21401077508926392, 0.22607509791851044, 0.23813942074775696, 0.2502037584781647, 0.2622680962085724, 0.2743324041366577, 0.28639674186706543, 0.29846107959747314, 0.31052538752555847, 0.3225897252559662, 0.3346540629863739, 0.34671837091445923, 0.35878270864486694, 0.37084704637527466, 0.38291135430336, 0.3949756920337677, 0.4070400297641754, 0.41910433769226074, 0.43116867542266846, 0.44323301315307617, 0.4552973508834839, 0.4673616588115692, 0.47942599654197693, 0.49149033427238464, 0.50355464220047, 0.5156189799308777, 0.5276833176612854, 0.5397476553916931, 0.5518119931221008, 0.5638762712478638, 0.5759406089782715, 0.5880049467086792, 0.6000692844390869, 0.6121336221694946, 0.6241979598999023, 0.6362622380256653, 0.648326575756073, 0.6603909134864807, 0.6724552512168884, 0.6845195889472961, 0.6965839266777039, 0.7086482048034668, 0.7207125425338745, 0.7327768802642822, 0.7448412179946899, 0.7569055557250977, 0.7689698934555054, 0.7810342311859131, 0.793098509311676, 0.8051628470420837, 0.8172271847724915, 0.8292915225028992, 0.8413558602333069, 0.8534201979637146, 0.8654844760894775, 0.8775488138198853, 0.889613151550293, 0.9016774892807007]}, "_wandb": {"runtime": 6385}}