{"test/ll": -0.9235303401947021, "test/ll_bayes": -2.052574396133423, "test/acc": 0.839, "_timestamp": 1707438867.835919, "_runtime": 8727.717875003815, "_step": 99, "_wandb": {"runtime": 8726}}