{"_wandb": {"runtime": 139}, "test/ll": -3.348010540008545, "test/ll_bayes": -2.3148252964019775, "test/acc": 0.5599, "_timestamp": 1707429983.3419652, "_runtime": 93.82708716392517, "_step": 20}