{"test/ll": -2.394108295440674, "test/ll_bayes": -2.2088353633880615, "test/acc": 0.6355, "_timestamp": 1707462239.0222023, "_runtime": 937.8555872440338, "_step": 27, "_wandb": {"runtime": 1049}}