{"test/ll": -0.620998740196228, "test/ll_bayes": -1.8599095344543457, "test/acc": 0.8389, "_timestamp": 1709601795.9806545, "_runtime": 3872.7659544944763, "_step": 99, "_wandb": {"runtime": 3871}}