{"test/ll": 0.8653572201728821, "test/acc": 0.8087000250816345, "_timestamp": 1703128374.4219205, "_runtime": 12431.242146492004, "_step": 99, "_wandb": {"runtime": 12430}}