{"test/ll": -1.8076236248016357, "test/ll_bayes": -2.0359926223754883, "test/acc": 0.7521, "_timestamp": 1705278572.3543358, "_runtime": 4190.66779088974, "_step": 99, "_wandb": {"runtime": 4189}}