{"test/ll": -0.6229956150054932, "test/ll_bayes": -1.8989675045013428, "test/acc": 0.8401, "_timestamp": 1709651770.2375205, "_runtime": 10897.765617370605, "_step": 99, "_wandb": {"runtime": 10897}}