{"_wandb": {"runtime": 55}, "test/ll": -3.013575792312622, "test/ll_bayes": -2.199385404586792, "test/acc": 0.5226, "_timestamp": 1705782039.3563673, "_runtime": 55.93731737136841, "_step": 20}