{"test/ll": -0.7891295552253723, "test/acc": 0.8011999726295471, "_timestamp": 1707136617.9146662, "_runtime": 90466.21032524109, "_step": 96, "bald": {"_type": "histogram", "values": [18814, 560, 530, 641, 810, 939, 952, 868, 771, 777, 821, 838, 849, 800, 711, 731, 708, 687, 638, 632, 574, 543, 536, 491, 492, 370, 413, 353, 328, 344, 294, 286, 264, 230, 235, 203, 171, 127, 119, 109, 86, 80, 47, 49, 42, 33, 21, 14, 17, 14, 7, 6, 6, 6, 2, 2, 3, 1, 3, 1, 0, 0, 0, 1], "bins": [-3.3571137691978947e-07, 0.0005203018081374466, 0.0010409392416477203, 0.001561576733365655, 0.0020822142250835896, 0.002602851716801524, 0.0031234892085194588, 0.0036441267002373934, 0.004164764191955328, 0.004685401916503906, 0.005206039175391197, 0.0057266768999397755, 0.006247314158827066, 0.006767951883375645, 0.007288589142262936, 0.007809226866811514, 0.008329864591360092, 0.008850501850247383, 0.009371139109134674, 0.009891776368021965, 0.01041241455823183, 0.010933051817119122, 0.011453689076006413, 0.011974326334893703, 0.012494964525103569, 0.01301560178399086, 0.013536239042878151, 0.014056876301765442, 0.014577514491975307, 0.015098151750862598, 0.01561878900974989, 0.016139427199959755, 0.016660064458847046, 0.017180701717734337, 0.017701338976621628, 0.01822197623550892, 0.01874261349439621, 0.01926325261592865, 0.01978388987481594, 0.020304527133703232, 0.020825164392590523, 0.021345801651477814, 0.021866438910365105, 0.022387076169252396, 0.022907713428139687, 0.023428352549672127, 0.023948989808559418, 0.02446962706744671, 0.024990264326334, 0.02551090158522129, 0.02603153884410858, 0.026552176102995872, 0.027072813361883163, 0.027593452483415604, 0.028114089742302895, 0.028634727001190186, 0.029155364260077477, 0.029676001518964767, 0.03019663877785206, 0.03071727603673935, 0.03123791329562664, 0.03175855055451393, 0.03227918967604637, 0.03279982507228851, 0.03332046419382095]}}