{"_wandb": {"runtime": 71}, "test/ll": -2.457982063293457, "test/ll_bayes": -2.148085117340088, "test/acc": 0.6117, "_timestamp": 1705251452.736053, "_runtime": 45.22497200965881, "_step": 20}