{"test/ll": 1.0885919332504272, "test/acc": 0.7674000263214111, "_timestamp": 1703090668.2207026, "_runtime": 12387.043107748032, "_step": 99, "_wandb": {"runtime": 12386}}