{"_wandb": {"runtime": 42}, "test/ll": -4.442773818969727, "test/ll_bayes": -2.1741676330566406, "test/acc": 0.4872, "_timestamp": 1705269214.4710166, "_runtime": 42.79660153388977, "_step": 20}