{"test/ll": -1.2799148559570312, "test/ll_bayes": -2.0091147422790527, "test/acc": 0.8219, "_timestamp": 1705264246.7437942, "_runtime": 4325.937060117722, "_step": 99, "_wandb": {"runtime": 4325}}