{"test/ll": -3.902341365814209, "test/ll_bayes": -2.162193536758423, "test/acc": 0.5761, "_timestamp": 1704547020.8152034, "_runtime": 68.53846645355225, "_step": 29, "_wandb": {"runtime": 67}}