{"test/ll": -1.0524632930755615, "test/ll_bayes": -2.0428719520568848, "test/acc": 0.8472, "_timestamp": 1707470998.433813, "_runtime": 8493.509590148926, "_step": 99, "_wandb": {"runtime": 8492}}