{"test/ll": -1.1721745729446411, "test/ll_bayes": -2.074869394302368, "test/acc": 0.82, "_timestamp": 1707487703.7365742, "_runtime": 8515.159635066986, "_step": 99, "_wandb": {"runtime": 8514}}