{"test/ll": 0.7514542937278748, "test/acc": 0.8141999840736389, "_timestamp": 1702326668.7557786, "_runtime": 34710.007386446, "_step": 99, "bald": {"_type": "histogram", "values": [13678, 2235, 2100, 1507, 1168, 970, 895, 762, 677, 656, 618, 595, 559, 582, 553, 522, 576, 564, 601, 601, 592, 649, 631, 581, 548, 527, 537, 421, 434, 391, 351, 353, 345, 306, 315, 286, 227, 218, 212, 217, 176, 167, 148, 140, 118, 116, 101, 73, 59, 42, 54, 48, 19, 23, 16, 9, 10, 8, 6, 3, 2, 1, 2, 1], "bins": [5.462664987021526e-09, 0.019662044942378998, 0.0393240824341774, 0.0589861236512661, 0.0786481648683548, 0.0983102023601532, 0.1179722398519516, 0.13763427734375, 0.1572963148355484, 0.1769583523273468, 0.1966204047203064, 0.2162824422121048, 0.2359444797039032, 0.2556065022945404, 0.2752685546875, 0.2949306070804596, 0.3145926296710968, 0.3342546820640564, 0.3539167046546936, 0.3735787570476532, 0.3932407796382904, 0.41290283203125, 0.4325648546218872, 0.4522269070148468, 0.4718889594078064, 0.4915509819984436, 0.5112130045890808, 0.5308750867843628, 0.550537109375, 0.5701991319656372, 0.5898611545562744, 0.6095232367515564, 0.6291852593421936, 0.6488472819328308, 0.6685093641281128, 0.68817138671875, 0.7078334093093872, 0.7274954319000244, 0.7471575140953064, 0.7668195366859436, 0.7864815592765808, 0.8061436414718628, 0.8258056640625, 0.8454676866531372, 0.8651297092437744, 0.8847917914390564, 0.9044538140296936, 0.9241158366203308, 0.9437779188156128, 0.96343994140625, 0.9831019639968872, 1.0027639865875244, 1.0224260091781616, 1.0420880317687988, 1.0617501735687256, 1.0814121961593628, 1.10107421875, 1.1207362413406372, 1.1403982639312744, 1.1600602865219116, 1.1797223091125488, 1.1993844509124756, 1.2190464735031128, 1.23870849609375, 1.2583705186843872]}, "_wandb": {"runtime": 34709}}