{"test/ll": -1.53238844871521, "test/ll_bayes": -2.044767141342163, "test/acc": 0.7879, "_timestamp": 1705257217.696199, "_runtime": 4331.911661863327, "_step": 99, "_wandb": {"runtime": 4331}}