{"_wandb": {"runtime": 4856}, "test/ll": -2.3025856018066406, "test/ll_bayes": -2.3025827407836914, "test/acc": 0.098, "_timestamp": 1700921922.9211326, "_runtime": 4030.7595915794373, "_step": 20}