{"_wandb": {"runtime": 101}, "test/ll": -2.457982063293457, "test/ll_bayes": -2.148085117340088, "test/acc": 0.6117, "_timestamp": 1705251897.9313846, "_runtime": 44.353519678115845, "_step": 20}