{"test/ll": -1.8659718036651611, "test/ll_bayes": -2.0727312564849854, "test/acc": 0.7711, "_timestamp": 1707935467.7750943, "_runtime": 7922.479483366013, "_step": 80, "_wandb": {"runtime": 7993}}