{"test/ll": -0.47166913747787476, "test/ll_bayes": -1.988646388053894, "test/acc": 0.8877, "_timestamp": 1709640840.9381268, "_runtime": 10885.315145730972, "_step": 99, "_wandb": {"runtime": 10884}}