{"test/ll": -3.0967812538146973, "test/ll_bayes": -2.137028455734253, "test/acc": 0.6023, "_timestamp": 1705266830.2621696, "_runtime": 296.7658095359802, "_step": 25, "_wandb": {"runtime": 335}}