{"test/ll": -1.18208909034729, "test/ll_bayes": -1.3559134006500244, "test/acc": 0.6299, "_timestamp": 1700956499.7161262, "_runtime": 6339.217474222183, "_step": 99, "bald": {"_type": "histogram", "values": [3, 4, 4, 14, 16, 28, 37, 51, 86, 141, 159, 197, 294, 384, 464, 562, 749, 981, 1084, 1341, 1514, 1759, 2020, 2215, 2386, 2704, 2818, 2950, 3037, 2986, 3014, 2868, 2763, 2612, 2342, 2208, 2011, 1770, 1637, 1412, 1203, 1000, 860, 705, 533, 446, 368, 302, 197, 175, 118, 115, 76, 58, 38, 33, 19, 7, 11, 3, 4, 1, 3, 2], "bins": [0.16692090034484863, 0.17901523411273956, 0.1911095678806305, 0.20320388674736023, 0.21529822051525116, 0.2273925542831421, 0.23948688805103302, 0.25158122181892395, 0.2636755406856537, 0.2757698893547058, 0.28786420822143555, 0.2999585270881653, 0.3120528757572174, 0.32414719462394714, 0.33624154329299927, 0.348335862159729, 0.36043018102645874, 0.37252452969551086, 0.3846188485622406, 0.3967131972312927, 0.40880751609802246, 0.4209018647670746, 0.4329961836338043, 0.44509050250053406, 0.4571848511695862, 0.4692791700363159, 0.48137351870536804, 0.4934678375720978, 0.5055621862411499, 0.5176565051078796, 0.5297508239746094, 0.5418451428413391, 0.5539394617080688, 0.5660338401794434, 0.5781281590461731, 0.5902224779129028, 0.6023167967796326, 0.6144111752510071, 0.6265054941177368, 0.6385998129844666, 0.6506941318511963, 0.662788450717926, 0.6748828291893005, 0.6869771480560303, 0.69907146692276, 0.7111657857894897, 0.7232601046562195, 0.735354483127594, 0.7474488019943237, 0.7595431208610535, 0.7716374397277832, 0.7837317585945129, 0.7958261370658875, 0.8079204559326172, 0.8200147747993469, 0.8321090936660767, 0.8442034125328064, 0.8562977910041809, 0.8683921098709106, 0.8804864287376404, 0.8925807476043701, 0.9046750664710999, 0.9167694449424744, 0.9288637638092041, 0.9409580826759338]}, "_wandb": {"runtime": 6338}}