{"test/ll": -4.533959865570068, "test/ll_bayes": -2.3161938190460205, "test/acc": 0.5079, "_timestamp": 1705267293.5847828, "_runtime": 331.6113278865814, "_step": 26, "_wandb": {"runtime": 374}}