{"test/ll": 0.5744268894195557, "test/acc": 0.8422999978065491, "_timestamp": 1703338712.0895896, "_runtime": 81812.50245952606, "_step": 99, "bald": {"_type": "histogram", "values": [13755, 2311, 1817, 1450, 1209, 1116, 986, 891, 751, 718, 676, 600, 585, 583, 536, 516, 568, 524, 548, 541, 565, 583, 589, 602, 577, 594, 523, 405, 400, 376, 334, 325, 293, 307, 277, 259, 213, 211, 213, 205, 176, 168, 133, 141, 105, 93, 113, 80, 59, 62, 54, 35, 39, 28, 23, 17, 10, 13, 8, 3, 5, 3, 0, 2], "bins": [9.036504183823624e-12, 0.019345350563526154, 0.03869070112705231, 0.05803605169057846, 0.07738140225410461, 0.09672675281763077, 0.11607210338115692, 0.13541746139526367, 0.15476280450820923, 0.17410816252231598, 0.19345350563526154, 0.2127988636493683, 0.23214420676231384, 0.2514895498752594, 0.27083492279052734, 0.2901802659034729, 0.30952560901641846, 0.328870952129364, 0.34821632504463196, 0.3675616681575775, 0.38690701127052307, 0.40625235438346863, 0.4255977272987366, 0.44494307041168213, 0.4642884135246277, 0.48363375663757324, 0.5029790997505188, 0.5223244428634644, 0.5416698455810547, 0.5610151886940002, 0.5803605318069458, 0.5997058749198914, 0.6190512180328369, 0.6383965611457825, 0.657741904258728, 0.6770872473716736, 0.6964326500892639, 0.7157779932022095, 0.735123336315155, 0.7544686794281006, 0.7738140225410461, 0.7931593656539917, 0.8125047087669373, 0.8318500518798828, 0.8511954545974731, 0.8705407977104187, 0.8898861408233643, 0.9092314839363098, 0.9285768270492554, 0.9479221701622009, 0.9672675132751465, 0.986612856388092, 1.0059581995010376, 1.025303602218628, 1.0446488857269287, 1.063994288444519, 1.0833396911621094, 1.1026849746704102, 1.1220303773880005, 1.1413756608963013, 1.1607210636138916, 1.1800663471221924, 1.1994117498397827, 1.2187570333480835, 1.2381024360656738]}, "_wandb": {"runtime": 81811}}