{"test/ll": 0.8534488081932068, "test/acc": 0.8064000010490417, "_timestamp": 1702553993.3516066, "_runtime": 16288.658365726471, "_step": 99, "_wandb": {"runtime": 16288}}