{"_wandb": {"runtime": 671}, "test/ll": 1.2340437173843384, "test/acc": 0.6406999826431274, "_timestamp": 1707045612.128001, "_runtime": 199.06771898269653, "_step": 20}