{"test/ll": -2.2198615074157715, "test/ll_bayes": -2.1740376949310303, "test/acc": 0.6651, "_timestamp": 1705140855.1573846, "_runtime": 564.79594373703, "_step": 32, "bald": {"_type": "histogram", "values": [1, 0, 0, 0, 0, 1, 2, 4, 3, 6, 9, 18, 32, 31, 36, 45, 40, 62, 69, 91, 95, 96, 127, 119, 158, 167, 188, 209, 264, 302, 327, 416, 534, 671, 772, 832, 1042, 1190, 1377, 1498, 1722, 1887, 1998, 2182, 2205, 2335, 2301, 2256, 2092, 1978, 1628, 1500, 1241, 1096, 770, 636, 494, 358, 229, 128, 65, 22, 10, 2], "bins": [2.05607271194458, 2.0596368312835693, 2.0632009506225586, 2.066765308380127, 2.070329427719116, 2.0738935470581055, 2.0774576663970947, 2.081022024154663, 2.0845861434936523, 2.0881502628326416, 2.091714382171631, 2.09527850151062, 2.0988428592681885, 2.1024069786071777, 2.105971097946167, 2.1095352172851562, 2.1130995750427246, 2.116663694381714, 2.120227813720703, 2.1237919330596924, 2.1273560523986816, 2.13092041015625, 2.1344845294952393, 2.1380486488342285, 2.1416127681732178, 2.145176887512207, 2.1487412452697754, 2.1523053646087646, 2.155869483947754, 2.159433603286743, 2.1629979610443115, 2.166562080383301, 2.17012619972229, 2.1736903190612793, 2.1772544384002686, 2.180818796157837, 2.184382915496826, 2.1879470348358154, 2.1915111541748047, 2.195075511932373, 2.1986396312713623, 2.2022037506103516, 2.205767869949341, 2.20933198928833, 2.2128963470458984, 2.2164604663848877, 2.220024585723877, 2.223588705062866, 2.2271528244018555, 2.230717182159424, 2.234281301498413, 2.2378454208374023, 2.2414095401763916, 2.24497389793396, 2.248538017272949, 2.2521021366119385, 2.2556662559509277, 2.259230375289917, 2.2627947330474854, 2.2663588523864746, 2.269922971725464, 2.273487091064453, 2.2770514488220215, 2.2806155681610107, 2.2841796875]}}