{"test/ll": -2.408479928970337, "test/ll_bayes": -2.2376463413238525, "test/acc": 0.6996, "_timestamp": 1705141031.495542, "_runtime": 741.13410115242, "_step": 36, "bald": {"_type": "histogram", "values": [3, 4, 5, 4, 12, 15, 15, 29, 27, 32, 34, 37, 57, 74, 71, 97, 122, 160, 165, 215, 286, 292, 329, 408, 418, 516, 554, 659, 751, 790, 885, 975, 1115, 1151, 1290, 1487, 1654, 1658, 1804, 1825, 1871, 1895, 1870, 1787, 1755, 1627, 1473, 1326, 1235, 1069, 1025, 772, 674, 515, 382, 246, 144, 99, 69, 46, 33, 17, 9, 1], "bins": [2.0779502391815186, 2.081258535385132, 2.084566831588745, 2.0878753662109375, 2.091183662414551, 2.094491958618164, 2.0978002548217773, 2.1011087894439697, 2.104417085647583, 2.1077253818511963, 2.1110336780548096, 2.114341974258423, 2.1176505088806152, 2.1209588050842285, 2.124267101287842, 2.127575397491455, 2.1308836936950684, 2.1341922283172607, 2.137500524520874, 2.1408088207244873, 2.1441171169281006, 2.147425651550293, 2.1507339477539062, 2.1540422439575195, 2.157350540161133, 2.160658836364746, 2.1639673709869385, 2.1672756671905518, 2.170583963394165, 2.1738922595977783, 2.1772007942199707, 2.180509090423584, 2.1838173866271973, 2.1871256828308105, 2.190433979034424, 2.193742513656616, 2.1970508098602295, 2.2003591060638428, 2.203667402267456, 2.2069759368896484, 2.2102842330932617, 2.213592529296875, 2.2169008255004883, 2.2202091217041016, 2.223517656326294, 2.2268259525299072, 2.2301342487335205, 2.233442544937134, 2.236751079559326, 2.2400593757629395, 2.2433676719665527, 2.246675968170166, 2.2499842643737793, 2.2532927989959717, 2.256601095199585, 2.2599093914031982, 2.2632176876068115, 2.266525983810425, 2.269834518432617, 2.2731428146362305, 2.2764511108398438, 2.279759407043457, 2.2830679416656494, 2.2863762378692627, 2.289684534072876]}, "_wandb": {"runtime": 749}}