{"test/ll": -0.5146463513374329, "test/ll_bayes": -1.6952639818191528, "test/acc": 0.8609, "_timestamp": 1709673550.6889172, "_runtime": 10865.598760128021, "_step": 99, "_wandb": {"runtime": 10865}}