{"test/ll": 1.529601812362671, "test/acc": 0.6777999997138977, "_timestamp": 1703392636.3444638, "_runtime": 6546.1874668598175, "_step": 51}