{"test/ll": -2.058814287185669, "test/ll_bayes": -2.223395347595215, "test/acc": 0.619, "_timestamp": 1709585635.1805282, "_runtime": 109.916335105896, "_step": 21, "_wandb": {"runtime": 121}}