{"test/ll": 0.6258758306503296, "test/acc": 0.8359000086784363, "_timestamp": 1702519871.4028904, "_runtime": 16627.238174438477, "_step": 99, "_wandb": {"runtime": 16626}}