{"_wandb": {"runtime": 79}, "test/ll": -3.013575792312622, "test/ll_bayes": -2.199385404586792, "test/acc": 0.5226, "_timestamp": 1705828205.7293918, "_runtime": 56.72243571281433, "_step": 20}