{"_wandb": {"runtime": 70}, "test/ll": -3.013575792312622, "test/ll_bayes": -2.199385404586792, "test/acc": 0.5226, "_timestamp": 1705778685.865972, "_runtime": 54.55691909790039, "_step": 20}