{"test/ll": -2.2253756523132324, "test/ll_bayes": -2.13879132270813, "test/acc": 0.6187, "_timestamp": 1705164541.340941, "_runtime": 38.417917013168335, "_step": 20}