{"test/ll": -4.327725887298584, "test/ll_bayes": -2.273066759109497, "test/acc": 0.5403, "_timestamp": 1704546773.9361014, "_runtime": 157.77118039131165, "_step": 29, "_wandb": {"runtime": 157}}