{"test/ll": 0.6977739334106445, "test/acc": 0.8313000202178955, "_timestamp": 1703115911.6283143, "_runtime": 12582.632665157318, "_step": 99, "_wandb": {"runtime": 12581}}