{"test/ll": -4.0314106941223145, "test/ll_bayes": -2.187586545944214, "test/acc": 0.4925, "_timestamp": 1705781582.4649317, "_runtime": 197.4152147769928, "_step": 22, "_wandb": {"runtime": 208}}