{"test/ll": -0.5058887004852295, "test/ll_bayes": -1.7082459926605225, "test/acc": 0.8544, "_timestamp": 1709593960.3578327, "_runtime": 3865.1701147556305, "_step": 99, "_wandb": {"runtime": 3864}}