{"test/ll": -1.7316665649414062, "test/ll_bayes": -2.075672149658203, "test/acc": 0.7809, "_timestamp": 1705839714.9694347, "_runtime": 5636.363885641098, "_step": 99, "_wandb": {"runtime": 5635}}