{"_wandb": {"runtime": 29}, "test/ll": -1.9368900060653687, "test/ll_bayes": -2.0604536533355713, "test/acc": 0.6191, "_timestamp": 1709847901.3213918, "_runtime": 26.839998722076416, "_step": 20}