{"test/ll": -1.6455564498901367, "test/ll_bayes": -1.9959485530853271, "test/acc": 0.7688, "_timestamp": 1705148550.1972306, "_runtime": 3772.032750606537, "_step": 99, "bald": {"_type": "histogram", "values": [3, 3, 3, 3, 7, 9, 11, 8, 15, 15, 22, 28, 29, 28, 38, 62, 61, 83, 77, 102, 146, 173, 189, 273, 302, 399, 473, 634, 692, 861, 997, 1132, 1248, 1436, 1565, 1699, 1788, 1883, 1900, 2003, 1850, 1908, 1919, 1792, 1733, 1678, 1528, 1440, 1258, 1152, 877, 713, 545, 371, 256, 202, 132, 87, 36, 17, 6, 1, 0, 1], "bins": [2.0809686183929443, 2.084294557571411, 2.087620735168457, 2.090946674346924, 2.0942726135253906, 2.0975985527038574, 2.1009247303009033, 2.10425066947937, 2.107576608657837, 2.110902786254883, 2.1142287254333496, 2.1175546646118164, 2.120880603790283, 2.124206781387329, 2.127532720565796, 2.1308586597442627, 2.1341848373413086, 2.1375107765197754, 2.140836715698242, 2.144162654876709, 2.147488832473755, 2.1508147716522217, 2.1541407108306885, 2.1574666500091553, 2.160792827606201, 2.164118766784668, 2.1674447059631348, 2.1707708835601807, 2.1740968227386475, 2.1774227619171143, 2.180748701095581, 2.184074878692627, 2.1874008178710938, 2.1907267570495605, 2.1940529346466064, 2.1973788738250732, 2.20070481300354, 2.204030752182007, 2.2073569297790527, 2.2106828689575195, 2.2140088081359863, 2.2173349857330322, 2.220660924911499, 2.223986864089966, 2.2273128032684326, 2.2306389808654785, 2.2339649200439453, 2.237290859222412, 2.240616798400879, 2.243942975997925, 2.2472689151763916, 2.2505948543548584, 2.2539210319519043, 2.257246971130371, 2.260572910308838, 2.2638988494873047, 2.2672250270843506, 2.2705509662628174, 2.273876905441284, 2.27720308303833, 2.280529022216797, 2.2838549613952637, 2.2871809005737305, 2.2905070781707764, 2.293833017349243]}, "_wandb": {"runtime": 3771}}