{"test/ll": -1.1610521078109741, "test/ll_bayes": -1.3064841032028198, "test/acc": 0.6412, "_timestamp": 1700931017.6544178, "_runtime": 6275.151492834091, "_step": 99, "bald": {"_type": "histogram", "values": [3, 2, 6, 16, 17, 29, 40, 50, 89, 124, 186, 260, 326, 390, 572, 680, 811, 968, 1106, 1254, 1433, 1661, 1750, 2054, 2168, 2294, 2471, 2509, 2700, 2683, 2742, 2830, 2659, 2525, 2490, 2286, 2067, 2017, 1800, 1606, 1435, 1245, 1032, 874, 740, 649, 523, 443, 333, 274, 200, 160, 98, 59, 53, 28, 34, 13, 13, 6, 11, 2, 2, 1], "bins": [0.13576459884643555, 0.14821283519268036, 0.16066108644008636, 0.17310932278633118, 0.185557559132576, 0.198005810379982, 0.2104540467262268, 0.22290228307247162, 0.23535051941871643, 0.24779877066612244, 0.26024702191352844, 0.27269524335861206, 0.28514349460601807, 0.2975917458534241, 0.3100399672985077, 0.3224882185459137, 0.3349364399909973, 0.3473846912384033, 0.3598329424858093, 0.37228116393089294, 0.38472941517829895, 0.39717766642570496, 0.4096258878707886, 0.4220741391181946, 0.4345223903656006, 0.4469706118106842, 0.4594188630580902, 0.4718671143054962, 0.48431533575057983, 0.49676358699798584, 0.5092118382453918, 0.5216600894927979, 0.5341082811355591, 0.5465565323829651, 0.5590047836303711, 0.5714530348777771, 0.5839012861251831, 0.5963495373725891, 0.6087977290153503, 0.6212459802627563, 0.6336942315101624, 0.6461424827575684, 0.6585907340049744, 0.6710389852523804, 0.6834871768951416, 0.6959354281425476, 0.7083836793899536, 0.7208319306373596, 0.7332801818847656, 0.7457284331321716, 0.7581766247749329, 0.7706248760223389, 0.7830731272697449, 0.7955213785171509, 0.8079696297645569, 0.8204178810119629, 0.8328660726547241, 0.8453143239021301, 0.8577625751495361, 0.8702108263969421, 0.8826590776443481, 0.8951073288917542, 0.9075555205345154, 0.9200037717819214, 0.9324520230293274]}, "_wandb": {"runtime": 6274}}