{"test/ll": 0.4536176323890686, "test/acc": 0.8737000226974487, "_timestamp": 1703472155.5204139, "_runtime": 47131.910450935364, "_step": 99, "bald": {"_type": "histogram", "values": [17661, 1943, 1438, 1111, 961, 827, 665, 690, 623, 587, 520, 536, 498, 442, 442, 465, 451, 408, 419, 465, 424, 467, 518, 503, 477, 441, 437, 425, 377, 327, 340, 360, 290, 269, 274, 258, 263, 220, 235, 212, 204, 200, 179, 166, 123, 128, 109, 76, 79, 77, 64, 48, 23, 46, 29, 17, 17, 9, 13, 5, 9, 8, 2, 2], "bins": [9.674233636403073e-11, 0.01891620270907879, 0.03783240541815758, 0.056748609989881516, 0.07566481083631516, 0.09458101540803909, 0.11349721997976303, 0.13241341710090637, 0.1513296216726303, 0.17024582624435425, 0.18916203081607819, 0.20807823538780212, 0.22699443995952606, 0.2459106296300888, 0.26482683420181274, 0.2837430536746979, 0.3026592433452606, 0.32157543301582336, 0.3404916524887085, 0.35940784215927124, 0.37832406163215637, 0.3972402513027191, 0.41615647077560425, 0.435072660446167, 0.4539888799190521, 0.47290506958961487, 0.4918212592601776, 0.5107374787330627, 0.5296536684036255, 0.5485698580741882, 0.5674861073493958, 0.5864022970199585, 0.6053184866905212, 0.624234676361084, 0.6431508660316467, 0.6620671153068542, 0.680983304977417, 0.6998994946479797, 0.7188156843185425, 0.73773193359375, 0.7566481232643127, 0.7755643129348755, 0.7944805026054382, 0.813396692276001, 0.8323129415512085, 0.8512291312217712, 0.870145320892334, 0.8890615105628967, 0.9079777598381042, 0.926893949508667, 0.9458101391792297, 0.9647263288497925, 0.9836425185203552, 1.002558708190918, 1.0214749574661255, 1.040391206741333, 1.059307336807251, 1.0782235860824585, 1.0971397161483765, 1.116055965423584, 1.1349722146987915, 1.1538883447647095, 1.172804594039917, 1.191720724105835, 1.2106369733810425]}, "_wandb": {"runtime": 47130}}