{"test/ll": -0.5508717894554138, "test/ll_bayes": -0.9213871955871582, "test/acc": 0.8479, "_timestamp": 1709841941.755147, "_runtime": 1370.356143951416, "_step": 99, "_wandb": {"runtime": 1369}}