{"test/ll": -2.1968467235565186, "test/ll_bayes": -2.2048299312591553, "test/acc": 0.5926, "_timestamp": 1709585752.4166534, "_runtime": 58.46501445770264, "_step": 20}