{"test/ll": -0.5500184893608093, "test/ll_bayes": -1.7960481643676758, "test/acc": 0.8639, "_timestamp": 1709589579.820259, "_runtime": 3885.868620157242, "_step": 99, "_wandb": {"runtime": 3885}}