{"test/ll": -0.6013897657394409, "test/ll_bayes": -0.7354331016540527, "test/acc": 0.815, "_timestamp": 1709851326.0268557, "_runtime": 1675.274721622467, "_step": 99, "_wandb": {"runtime": 1674}}