{"test/ll": -3.4448585510253906, "test/ll_bayes": -2.237210750579834, "test/acc": 0.5999, "_timestamp": 1704546942.3373501, "_runtime": 159.57331824302673, "_step": 29, "_wandb": {"runtime": 158}}