{"_wandb": {"runtime": 72}, "test/ll": -2.457982063293457, "test/ll_bayes": -2.148085117340088, "test/acc": 0.6117, "_timestamp": 1705251150.4315686, "_runtime": 44.943603515625, "_step": 20}