{"test/ll": -5.3091607093811035, "test/ll_bayes": -2.2918708324432373, "test/acc": 0.5764, "_timestamp": 1705270121.029934, "_runtime": 643.4455950260162, "_step": 32, "_wandb": {"runtime": 683}}