{"test/ll": -4.330370903015137, "test/ll_bayes": -2.2567806243896484, "test/acc": 0.4486, "_timestamp": 1705782319.4821153, "_runtime": 124.30557537078857, "_step": 21, "_wandb": {"runtime": 136}}