{"_wandb": {"runtime": 65}, "test/ll": -3.013575792312622, "test/ll_bayes": -2.199385404586792, "test/acc": 0.5226, "_timestamp": 1705778764.7961526, "_runtime": 54.568702697753906, "_step": 20}