{"test/ll": -2.9560840129852295, "test/ll_bayes": -2.2191929817199707, "test/acc": 0.6457, "_timestamp": 1704546607.5742404, "_runtime": 157.93592238426208, "_step": 29, "_wandb": {"runtime": 157}}