{"_wandb": {"runtime": 54}, "test/ll": -3.013575792312622, "test/ll_bayes": -2.199385404586792, "test/acc": 0.5226, "_timestamp": 1705781947.9856093, "_runtime": 55.225274324417114, "_step": 20}