{"test/ll": -1.1980561017990112, "test/ll_bayes": -1.3683072328567505, "test/acc": 0.62, "_timestamp": 1700950128.8143413, "_runtime": 6248.442026376724, "_step": 99, "bald": {"_type": "histogram", "values": [2, 7, 18, 31, 66, 95, 171, 241, 270, 342, 397, 528, 566, 641, 751, 805, 918, 1127, 1260, 1352, 1544, 1823, 2005, 2272, 2346, 2543, 2592, 2695, 2814, 2794, 2710, 2805, 2691, 2405, 2264, 2083, 1924, 1710, 1522, 1274, 1138, 943, 816, 608, 485, 389, 307, 221, 162, 126, 93, 70, 48, 33, 18, 16, 10, 9, 2, 0, 0, 1, 2, 1], "bins": [0.13985350728034973, 0.15307363867759705, 0.16629375517368317, 0.17951388657093048, 0.1927340030670166, 0.20595413446426392, 0.21917426586151123, 0.23239438235759735, 0.24561451375484467, 0.2588346302509308, 0.2720547616481781, 0.2852748930454254, 0.29849502444267273, 0.31171512603759766, 0.32493525743484497, 0.3381553888320923, 0.3513755202293396, 0.3645956516265869, 0.37781575322151184, 0.39103588461875916, 0.40425601601600647, 0.4174761474132538, 0.4306962788105011, 0.443916380405426, 0.45713651180267334, 0.47035664319992065, 0.48357677459716797, 0.4967969059944153, 0.5100170373916626, 0.5232371687889099, 0.5364572405815125, 0.5496773719787598, 0.5628975033760071, 0.5761176347732544, 0.5893377661705017, 0.602557897567749, 0.6157780289649963, 0.6289981603622437, 0.642218291759491, 0.6554384231567383, 0.6686584949493408, 0.6818786263465881, 0.6950987577438354, 0.7083188891410828, 0.7215390205383301, 0.7347591519355774, 0.7479792833328247, 0.761199414730072, 0.7744195461273193, 0.7876396775245667, 0.8008597493171692, 0.8140798807144165, 0.8273000121116638, 0.8405201435089111, 0.8537402749061584, 0.8669604063034058, 0.8801805377006531, 0.8934006690979004, 0.9066208004951477, 0.919840931892395, 0.9330610036849976, 0.9462811350822449, 0.9595012664794922, 0.9727213978767395, 0.9859415292739868]}, "_wandb": {"runtime": 6247}}